LAB	EXP	original_es	original_ci_lower	original_ci_upper	replication_es	ci_lower	ci_upper	log_es_ratio_individual	es_ratio_individual	pvalue	t_score_individual	t_pvalue	original_cv	replication_cv	subjective_success	ma_only
LAB16	EPM1	0.6320350737076432	0.280957391508584	0.9831127559067024	0.053249989306048164	-0.12164276023242138	0.2281427388445177	0.578785084401595	1.7838698623817104	0.5343353172159986	0.6312781047447262	NA	0.47644060138178684	0.2360570457562402	FALSE	FALSE
LAB80	EPM1	0.6320350737076432	0.280957391508584	0.9831127559067024	-0.3691035213310958	-0.7139519941769135	-0.024255048485278208	1.001138595038739	2.721378613320207	0.036687614429469724	-2.1777509892721696	NA	0.47644060138178684	0.47759268310900344	FALSE	FALSE
LAB82	EPM1	0.6320350737076432	0.280957391508584	0.9831127559067024	-0.38505560110822085	-0.7999322562765763	0.029821054060134633	1.0170906748158641	2.765138363623748	0.06698532980045836	-1.9464371235448281	NA	0.47644060138178684	0.5324158675642985	FALSE	FALSE
LAB62	EPM11	0.6163417693362002	0.24025673610993825	0.9924268025624622	-0.6513067347177613	-1.584668642366174	0.2820551729306513	1.2676485040539616	3.5524890692046713	0.16338691837819333	-1.4343714943547896	NA	0.4565410471829434	1.3506785540568702	FALSE	FALSE
LAB91	EPM13	0.20654536514638128	0.06498694847299208	0.3481037818197705	-0.12533154543947134	-0.5510350529179545	0.30037196203901184	0.3318769105858526	1.3935813028488713	0.5320406095697099	-0.6441609940209979	NA	0.13857800045963728	0.42224470856299745	TRUE	FALSE
LAB24	EPM19	0.6236078892169739	0.19737167449097448	1.0498441039429731	-0.011428695823622631	-0.30592968360145156	0.28307229195420636	0.6350365850405965	1.8870911795032617	0.9366004197244103	-0.08045244908791083	NA	0.3984800295070217	0.3627558913852315	FALSE	FALSE
LAB7	EPM19	0.6236078892169739	0.19737167449097448	1.0498441039429731	0.22884157242884745	-0.6581024362272456	1.1157855810849406	0.3947663167881264	1.4840373557818782	0.5989667521319499	0.5331038004274399	NA	0.3984800295070217	1.0912293030664824	FALSE	FALSE
LAB24	EPM2	0.611462408499593	0.18985233966522586	1.0330724773339601	-0.09410206185108695	-0.3854094893964278	0.1972053656942539	0.7055644703506799	2.0249894088568565	0.5107471803332266	-0.6679796879215132	NA	0.4320819220998658	0.3930404077822707	FALSE	FALSE
LAB7	EPM2	0.611462408499593	0.18985233966522586	1.0330724773339601	0.1714208176885316	-0.7028473555653753	1.0456889909424385	0.4400415908110614	1.5527717982068465	0.6912827856091931	0.40113235830296856	NA	0.4320819220998658	1.2167145902174794	FALSE	FALSE
LAB86	EPM2	0.611462408499593	0.18985233966522586	1.0330724773339601	0.34473382531354724	-0.35033578839852675	1.0398034390256212	0.26672858318604575	1.3056860130955614	0.3170886145679774	1.0204854409722874	NA	0.4320819220998658	0.9858282397811484	FALSE	FALSE
LAB24	EPM21	-0.8650152555887276	-1.4058468796771373	-0.32418363150031804	0.13658151746557276	-0.10851666046129049	0.381679695392436	1.0015967730543003	2.7226257748620313	0.2533580947752746	-1.1879474250293844	NA	0.4662288203396571	0.2634665754012353	FALSE	FALSE
LAB80	EPM21	-0.8650152555887276	-1.4058468796771373	-0.32418363150031804	-0.048291942787843066	-0.1619039038172078	0.06532001824152164	0.8167233128008845	2.2630722952910545	0.3762544196628489	0.9150588557295936	NA	0.4662288203396571	0.11628815595972394	FALSE	FALSE
LAB25	EPM25	-0.7256353044384797	-1.6680033811435986	0.21673277226663923	-0.056264838529034	-0.5779626926408806	0.46543301558281264	0.6693704659094457	1.953007448785312	0.8284328921326881	0.21817855033156627	NA	0.5966305547938346	0.8305896225503879	FALSE	FALSE
LAB62	EPM25	-0.7256353044384797	-1.6680033811435986	0.21673277226663923	-0.8373518325030956	-2.199699234021666	0.5249955690154747	-0.11171652806461596	0.8942977298808057	0.215464687349627	1.2761911160998936	NA	0.5966305547938346	1.1780926647926133	TRUE	FALSE
LAB83	EPM25	-0.7256353044384797	-1.6680033811435986	0.21673277226663923	-0.42472239074860374	-0.89820771744708106	0.04876293594987363	0.30091291368987594	1.35109167482591	0.07731445268259975	1.814500863035367	NA	0.5966305547938346	0.7122708212310797	TRUE	FALSE
LAB16	EPM27	0.48644789305121233	0.22717234947709875	0.7457234366253259	0.014446816628553079	-0.23359268550794945	0.2624863187650556	0.47200107642265926	1.603199109445494	0.9022638441569227	0.12507766495789552	NA	0.24273563091361422	0.2307949064528275	FALSE	FALSE
LAB87	EPM27	0.48644789305121233	0.22717234947709875	0.7457234366253259	0.037787833989510515	-0.14026141503546075	0.2158370830144818	0.4486600590617018	1.5662121470667345	0.6634487556795154	0.4413862128247536	NA	0.24273563091361422	0.2051900018224409	FALSE	FALSE
LAB7	EPM28	-0.5210307763554904	-1.1113864955363735	0.06932494282539259	-0.11880579207384115	-0.5767430150707483	0.3391314309230661	0.4022249842816493	1.4951476795648888	0.6055095875703325	0.5193284070356237	NA	0.5350779458888395	0.8828465960904416	FALSE	FALSE
LAB82	EPM28	-0.5210307763554904	-1.1113864955363735	0.06932494282539259	-0.1002338831798149	-0.27359245506614194	0.07312468870651213	0.42079689317567553	1.5231748797766085	0.2507834267017207	1.1624599479309967	NA	0.5350779458888395	0.32540608863463333	FALSE	FALSE
LAB85	EPM28	-0.5210307763554904	-1.1113864955363735	0.06932494282539259	0.030257916040504564	-0.35128223390362145	0.41179806598463053	0.551288692395995	1.7354880877012857	0.874403538117026	-0.15877334401057772	NA	0.5350779458888395	0.7370642276856176	TRUE	FALSE
LAB10	EPM29	-0.957481889014735	-1.931865192759788	0.016901414730318143	0.14702193676650513	-0.12465556795629432	0.4186994414893046	1.10450382578124	3.0177267790527456	0.28386466663600857	-1.0804747036166495	NA	0.9461229366287943	0.555764915405097	FALSE	FALSE
LAB88	EPM29	-0.957481889014735	-1.931865192759788	0.016901414730318143	-0.051205399899943334	-0.6634971680435467	0.5610863682436601	0.9062764891147916	2.4750893320201164	0.8678350930359306	0.1670811469912931	NA	0.9461229366287943	1.2440793446463203	FALSE	FALSE
LAB10	EPM31	1.543676969566593	0.2832784734065166	2.8040754657266698	0.1784954445083562	0.06436117806735314	0.29262971094935925	1.3651815250582369	3.9164339183658523	0.004587028401588111	3.3389434468367427	NA	0.6229161325998892	0.1267420183510831	TRUE	FALSE
LAB86	EPM31	1.543676969566593	0.2832784734065166	2.8040754657266698	-0.032150981759111866	-1.5729272518473516	1.5086252883291278	1.575827951325705	4.834742893239081	0.9640740040691909	-0.046112342497244364	NA	0.6229161325998892	1.2750933838278726	FALSE	FALSE
LAB10	EPM37	1.4828371843750727	0.38459957140985646	2.581074797340289	0.03774032798284711	-0.3044297250363982	0.3799103810020924	1.4450968563922255	4.2422630132127335	0.8223411462779461	0.22684079014614136	NA	0.798972569443061	0.4412847586467318	FALSE	FALSE
LAB82	EPM37	1.4828371843750727	0.38459957140985646	2.581074797340289	0.1823215567939546	-0.41519267280096384	0.779835786388873	1.300515627581118	3.671189146049481	0.5357015879458258	0.6278296786479826	NA	0.798972569443061	0.7526858379007636	FALSE	FALSE
LAB7	EPM5	-1.1147976130891268	-1.4219078897915312	-0.8076873363867225	-0.3329145740944749	-1.221751648309434	0.555922500120484	0.781883038994652	2.185583932839913	0.44470259812905943	0.7789538984157579	NA	0.5664416618108756	0.9737499825308066	FALSE	FALSE
LAB24	EPM9	0.38822330167365837	0.12803483065420096	0.6484117726931158	0.12479548478321267	-0.06516673691040928	0.31475770647683465	0.2634278168904457	1.3013833536540087	0.19233687082589063	1.3240317259811074	NA	0.31623201077030316	0.31840508642453264	FALSE	FALSE
LAB7	EPM9	0.38822330167365837	0.12803483065420096	0.6484117726931158	0.507108611400541	0.1096628083330124	0.9045544144680695	-0.1188853097268826	0.8879096295203677	0.013709080293174296	2.5791858304764843	NA	0.31623201077030316	0.6595888656475406	TRUE	FALSE
LAB54	MTT13	-0.2043340640772224	-0.29538806196775036	-0.11328006618669442	-0.04525107808700332	-0.1956926406530169	0.10519048447901025	0.15908298599021908	1.172435238342961	0.40906268788610195	0.957242957410106	NA	0.062372624695126694	0.06534080042887976	TRUE	FALSE
LAB72	MTT13	-0.2043340640772224	-0.29538806196775036	-0.11328006618669442	0.03824432264265177	-0.1330624539223502	0.20955109920765372	0.24257838671987417	1.2745311515642044	0.5286569947263088	-0.7104827125505012	NA	0.062372624695126694	0.07758070264084307	FALSE	FALSE
LAB1	MTT18	0.18148787604537725	0.02964287175361338	0.33333288033714115	-0.6705406561317916	-2.6681456287087304	1.327064316445147	0.8520285321771688	2.344397717861416	0.14661359804434548	NA	NA	0.06616292307220814	0.10639544593749203	FALSE	TRUE
LAB18	MTT18	0.18148787604537725	0.02964287175361338	0.33333288033714115	-0.484605611329441	-0.7031537350559546	-0.26605748760292747	0.6660934873748183	1.9466179601241098	0.0035322852879151757	-6.15645128672309	NA	0.06616292307220814	0.09487924026368642	FALSE	FALSE
LAB33	MTT18	0.18148787604537725	0.02964287175361338	0.33333288033714115	-0.831353297947927	-0.9118698081124895	-0.7508367877833645	1.0128411739933043	2.7534128373350506	1.4192559249148135e-6	-26.541906527412642	NA	0.06616292307220814	0.032915542207857945	FALSE	FALSE
LAB31	MTT28	-0.556287997842748	-0.766946186607351	-0.34562980907814483	-0.20660882108547302	-6.226469983323174	5.8132523411522286	0.34967917675727495	1.4186123517634375	0.7382040415053228	NA	NA	0.082052543755814	0.4250038347199192	TRUE	TRUE
LAB60	MTT28	-0.556287997842748	-0.766946186607351	-0.34562980907814483	-0.07430418335385236	-0.17999276111797768	0.03138439441027295	0.4819838144888956	1.6192835761575206	0.11122814445197904	2.2374137185320064	NA	0.082052543755814	0.045221749881322326	FALSE	FALSE
LAB32	MTT30	-0.5903976324428394	-1.1131666387380843	-0.06762862614759435	-0.5065500157269017	-0.8571249958688997	-0.15597503558490378	0.08384761671593766	1.0874631699732382	0.015973780052787538	4.011719008393485	NA	0.20721561421449264	0.15013526315876508	TRUE	FALSE
LAB72	MTT30	-0.5903976324428394	-1.1131666387380843	-0.06762862614759435	-1.132080271229718	-1.451772666448108	-0.8123878760113279	-0.5416826387868786	0.581768522058831	0.0014982258740806446	11.269535122968566	NA	0.20721561421449264	0.06926433234360803	TRUE	FALSE
LAB21	MTT33	0.5386300607661101	0.48538261696850127	0.5918775045637189	-0.16310894448739163	-1.5210176283969612	1.1947997394221779	0.7017390052535017	2.017257680708164	0.656752490169431	-0.5168249924027778	NA	0.04054862780597547	0.3550737492201884	FALSE	FALSE
LAB52	MTT33	0.5386300607661101	0.48538261696850127	0.5918775045637189	-1.2665153516945125	-2.1585559754346413	-0.37447472795438363	1.8051454124606225	6.08085561641214	0.014752889377289607	-3.6497007770454464	NA	0.04054862780597547	0.264288876132172	FALSE	FALSE
LAB21	MTT37	0.3988600536135331	0.21006388756301175	0.5876562196640545	0.39043223804735966	-0.08523336494967454	0.8660978410443938	0.008427815566173447	1.0084634295829311	0.07166343719984748	3.5316708297428407	NA	0.07461183558608699	0.1614987113974732	TRUE	FALSE
LAB28	MTT37	0.3988600536135331	0.21006388756301175	0.5876562196640545	0.013437712116186813	-0.08671356677516986	0.1135889910075435	0.3854223414973463	1.4702351316419102	0.6981691821933307	0.42700200885118766	NA	0.07461183558608699	0.04480418397429475	FALSE	FALSE
LAB33	MTT37	0.3988600536135331	0.21006388756301175	0.5876562196640545	-0.016467375786946677	-0.14709972521524245	0.11416497364134909	0.4153274294004798	1.5148666713824908	0.6419070462355425	-0.5423878517962952	NA	0.07461183558608699	0.036878182206281036	FALSE	FALSE
LAB68	MTT4	-0.3011050927839216	-0.3809904853092288	-0.22121970025861443	0.03411062961265122	-0.16240535383952884	0.23062661306483126	0.3352157223965728	1.3982419848023557	0.5330210744079693	-0.746841000096364	NA	0.03034569835044617	0.056891984221844175	FALSE	FALSE
LAB72	MTT4	-0.3011050927839216	-0.3809904853092288	-0.22121970025861443	-1.771489237673439	-5.285123398620719	1.7421449232738415	-1.4703841448895174	0.22983717744918852	0.16229348365709392	2.169293288673653	NA	0.03034569835044617	0.2907585506740528	FALSE	FALSE
LAB1	MTT42	-1.1290047633136922	-1.437401040004859	-0.8206084866225254	-1.2647245566751937	-1.5476449029206796	-0.9818042104297079	-0.13571979336150153	0.8730872430578593	0.0026921998643912263	19.233931523037388	NA	0.10495012778657707	0.03546052806801269	TRUE	FALSE
LAB13	MTT42	-1.1290047633136922	-1.437401040004859	-0.8206084866225254	-1.044079671021163	-1.3664114966612482	-0.721747845381078	0.08492509229252909	1.0886355164532568	0.00510891165338049	13.93691807401989	NA	0.10495012778657707	0.04777742752968111	TRUE	FALSE
LAB33	MTT45	0.6348782724359695	0.3580837792289521	0.9116727656429868	0.04302104701279769	-0.19856421956632112	0.2846063135919165	0.5918572254231718	1.8073419417092633	0.5236322971064741	0.7662082542838866	NA	0.1412732662599351	0.07024593762965299	FALSE	FALSE
LAB42	MTT45	0.6348782724359695	0.3580837792289521	0.9116727656429868	-0.054314893136549525	-0.21185663690681628	0.10322685063371723	0.689193165572519	1.9921075836740219	0.3527312476727022	-1.097196380131186	NA	0.1412732662599351	0.0681075251895248	FALSE	FALSE
LAB43	MTT56	-0.46234075650016626	-0.8560094892936159	-0.06867202370671666	-0.1614251783263131	-0.5228610940437369	0.20001073739111075	0.30091557817385317	1.3510952747928255	0.282739954314011	1.2400210569283143	NA	0.15238208281170412	0.18925445428379503	FALSE	FALSE
LAB49	MTT56	-0.46234075650016626	-0.8560094892936159	-0.06867202370671666	-0.006673259247146792	-0.17369610013444306	0.16034958164014948	0.45566749725301947	1.5772258256496496	0.9221887225468893	0.10270546779157529	NA	0.15238208281170412	0.11216401890585778	FALSE	FALSE
LAB22	MTT60	-0.32609031574810077	-0.4057771333660043	-0.2464034981301972	0.08493538790199812	-0.3567371946976813	0.5266079705016775	0.4110257036500989	1.508364126523521	0.4950095265792499	-0.8274171705606954	NA	0.03368961540389066	0.13105746147723915	TRUE	FALSE
LAB31	MTT67	-0.5434360196780522	-0.6645903777117635	-0.42228166164434094	0.044919425012227794	-0.6271395290115679	0.7169783790360235	0.58835544469028	1.8010240948333023	0.5517773022717977	NA	NA	0.08271780712598646	0.054079930369188255	FALSE	TRUE
LAB33	MTT67	-0.5434360196780522	-0.6645903777117635	-0.42228166164434094	0.07796090454079903	-0.16600771248198404	0.3219295215635821	0.6213969242188513	1.8615266380475088	0.3029227133080935	-1.374925606537669	NA	0.08271780712598646	0.07215101208963791	FALSE	FALSE
LAB49	MTT71	-0.712949807856125	-0.9186325336438739	-0.5072670820683762	-0.3455140993394699	-0.6743071527051936	-0.016721045973746296	0.36743570851665514	1.4440269569100694	0.044246041787220254	3.3442922762824856	NA	0.0591666504103082	0.12111566999470483	FALSE	FALSE
LAB54	MTT71	-0.712949807856125	-0.9186325336438739	-0.5072670820683762	-0.9780607226213509	-1.6781470753292667	-0.27797436991343516	-0.26511091476522586	0.7671208602269762	0.02657735597840977	6.011052239156021	NA	0.0591666504103082	0.10891648639879326	TRUE	FALSE
LAB60	MTT71	-0.712949807856125	-0.9186325336438739	-0.5072670820683762	-0.579709977057246	-0.8185804741643445	-0.3408394799501475	0.13323983079887902	1.1425239779135714	0.00101816742448571	5.938360870293513	NA	0.0591666504103082	0.13112993492433098	TRUE	FALSE
LAB85	MTT81	-1.126521076785186	-1.7243017885082654	-0.5287403650621069	-0.13260177834747333	-0.4635096735968096	0.19830611690186295	0.9939192984377128	2.701802920334696	0.30286140321715466	1.2223156383455476	NA	0.09487267438339583	0.12799038292192388	TRUE	FALSE
LAB19	MTT83	-0.2586412036673671	-0.3936010724925274	-0.12368133484220681	-1.0818291567271971	-1.924031925924023	-0.23962638753037113	-0.8231879530598301	0.4390298147522834	0.019988647258544788	3.1431155077231763	NA	0.10077976701137657	0.3260299391917988	FALSE	FALSE
LAB32	MTT83	-0.2586412036673671	-0.3936010724925274	-0.12368133484220681	-0.07777035136688802	-0.137662686237332	-0.01787801649644405	0.18087085230047906	1.198260416723553	0.01914060863691985	3.177321352373184	NA	0.10077976701137657	0.04401199636827056	TRUE	FALSE
LAB75	MTT83	-0.2586412036673671	-0.3936010724925274	-0.12368133484220681	0.1571814199939452	-0.2982045017121011	0.6125673416999915	0.4158226236613123	1.515617010430548	0.35225996954756356	NA	NA	0.10077976701137657	0.21823539719795088	FALSE	TRUE
LAB19	MTT86	-0.22528333902790806	-0.44454189550012757	-0.006024782555688529	-0.3562168910546423	-0.7046050936304147	-0.007828688478869972	-0.13093355202673426	0.8772760656709118	0.04734739202491133	3.2539595785248663	NA	0.05541110874020301	0.12753032717923274	TRUE	FALSE
LAB42	MTT86	-0.22528333902790806	-0.44454189550012757	-0.006024782555688529	0.4607861190207935	-1.2258147206650585	2.1473869587066456	0.6860694580487016	1.9858945311581033	0.44857291120472226	-0.8694571041935933	NA	0.05541110874020301	0.919176318043895	FALSE	FALSE
LAB13	MTT87	0.5306282510621704	0.26298531876356585	0.798271183360775	0.05267966425605205	-0.03622965832947416	0.14158898684157825	0.47794858680611835	1.6127625639776788	0.2039361652242677	1.4010635560269689	NA	0.22709110588125273	0.07717982061868496	FALSE	FALSE
LAB21	MTT87	0.5306282510621704	0.26298531876356585	0.798271183360775	0.12804015063526236	-0.15186331777773854	0.40794361904826326	0.402588100426908	1.4956906904089207	0.3152429885711322	1.0816830784068692	NA	0.22709110588125273	0.2518780462048413	FALSE	FALSE
LAB28	MTT87	0.5306282510621704	0.26298531876356585	0.798271183360775	0.13577255888237139	-0.05965585053705727	0.3312009683018	0.394855692179799	1.4841699981292005	0.1444247451651629	1.6428066236010987	NA	0.22709110588125273	0.17649736443520891	FALSE	FALSE
LAB48	PCR11	0.48365995569322123	0.3216780941647896	0.6456418172216529	0.03828812997378713	-0.3718091181603493	0.4483853781079234	0.4453718257194341	1.5610705341080642	0.8313400301619485	0.15328985868617975	NA	0.14244225808959884	-16.919053161717827	TRUE	FALSE
LAB90	PCR11	0.48365995569322123	0.3216780941647896	0.6456418172216529	-0.012130075659798418	-0.9708236704269575	0.9465635191073605	0.49579003135301963	1.6417947961934298	0.9780547046472644	-0.019551033998870142	NA	0.14244225808959884	122.81356923856788	FALSE	FALSE
LAB14	PCR114	0.5833323145527387	0.38173832212792824	0.7849263069775492	0.22103693424522544	-0.5839520697308868	1.0260259382213375	0.3622953803075133	1.4366232295054864	0.3945196189900793	0.7210755846173013	NA	0.08136760173292795	-2.354617109830136	TRUE	FALSE
LAB43	PCR114	0.5833323145527387	0.38173832212792824	0.7849263069775492	0.3405406425973208	-1.6074680278297044	2.288549313024346	0.2427916719554179	1.2748030192327229	0.5632692946063255	0.46607965367071597	NA	0.08136760173292795	-3.642847087721614	TRUE	FALSE
LAB35	PCR125	0.39500809079258997	0.04036875404008078	0.7496474275450992	0.2980532876407763	0.08415081862196062	0.5119557566595919	0.09695480315181365	1.10181057413038	0.007471230656761568	1.9500700335793655	NA	0.3571534736023735	-2.4107610621560425	TRUE	FALSE
LAB78	PCR125	0.39500809079258997	0.04036875404008078	0.7496474275450992	0.23303306842085988	-0.15290297472371592	0.6189691115654358	0.1619750223717301	1.1758308714877905	0.22817435338043832	0.8507133217143091	NA	0.3571534736023735	-5.526130584104362	TRUE	FALSE
LAB9	PCR125	0.39500809079258997	0.04036875404008078	0.7496474275450992	0.030766532862949388	-0.36547863456280466	0.42701170028870367	0.3642415579296406	1.4394218759343564	0.8757478069737221	0.10915688020463409	NA	0.3571534736023735	-39.4517394089113	FALSE	FALSE
LAB39	PCR139	1.5830939370944985	0.8828518324468417	2.2833360417421553	-1.545718212648679	-2.4489223029517353	-0.6425141223456224	3.128812149743178	22.846824811037028	0.007904887789935505	-3.1567738375002574	NA	0.31412417230980877	0.6210506003463211	FALSE	FALSE
LAB48	PCR139	1.5830939370944985	0.8828518324468417	2.2833360417421553	-1.1379166214192429	-2.111269981886181	-0.1645632609523048	2.7210105585137416	15.19567060274051	0.031774931091820925	-2.283189352086503	NA	0.31412417230980877	0.8586744174965022	FALSE	FALSE
LAB12	PCR147	11.179030546210162	10.248727248419838	12.109333844000487	7.546986501936685	6.885410166751753	8.208562837121615	3.632044044273478	37.78998212201174	1.1117503012375152e-7	19.24929814453611	NA	0.5296120111352945	-0.11387032544433773	TRUE	FALSE
LAB8	PCR147	11.179030546210162	10.248727248419838	12.109333844000487	2.188681537336084	1.328148825183955	3.0492142494882137	8.990349008874079	8025.257292653284	8.930006231442563e-4	4.3631749525755925	NA	0.5296120111352945	-0.5023690014995879	TRUE	FALSE
LAB48	PCR158	-1.016111067156366	-1.4715214694017373	-0.5607006649109947	0.5226329741421977	-0.3022084894747072	1.3474744377591026	1.5387440412985636	4.658735415746472	0.18110590003088162	-1.0185732609657863	NA	0.28767059516899696	-2.1519550220816566	FALSE	FALSE
LAB89	PCR158	-1.016111067156366	-1.4715214694017373	-0.5607006649109947	-0.014093992671386073	-0.46141618085267416	0.43322819550990216	1.00201707448498	2.72377033888451	0.9390961130131075	0.055584643265092736	NA	0.28767059516899696	39.433982401213235	FALSE	FALSE
LAB22	PCR16	3.585516941118783	3.5629977286619647	3.6080361535756014	0.38508176697774676	-0.5877779177576262	1.3579414517131199	3.2004351741410364	24.54320844314508	0.2306617890551518	1.1804959613664963	NA	0.0124743157880881	-1.4382572787926293	FALSE	FALSE
LAB43	PCR16	3.585516941118783	3.5629977286619647	3.6080361535756014	0.5747345372142881	-1.7016951658829484	2.8511642403115243	3.010782403904495	20.303279077299734	0.39083815803299304	0.7529650328808443	NA	0.0124743157880881	-2.2548947625425115	FALSE	FALSE
LAB32	PCR166	1.141992584298335	0.4859371531718364	1.7980480154248335	0.2581973247585781	-1.8889432145147398	2.405337864031896	0.8837952595397569	2.4200670818079404	0.7552417267901722	0.23142740715256968	NA	0.21664148664235436	-7.336455651086068	TRUE	FALSE
LAB36	PCR166	1.141992584298335	0.4859371531718364	1.7980480154248335	0.1940041942033883	-1.1054916049060484	1.493499993312825	0.9479883900949466	2.580513448280606	0.6928258892143286	0.29608024934725435	NA	0.21664148664235436	-5.7344483894613365	FALSE	FALSE
LAB28	PCR184	0.3357576956833441	0.08780440956760124	0.583710981799087	-0.0513252257165071	-1.1783368755547767	1.0756864241217625	0.38708292139985123	1.4726786027815104	0.9149058965526848	-0.07724070837747747	NA	0.12851127828150674	-33.57710361211407	FALSE	FALSE
LAB35	PCR184	0.3357576956833441	0.08780440956760124	0.583710981799087	-0.20938252853514236	-0.4591713586866453	0.04040630161636072	0.5451402242184865	1.7248502311951839	0.08930887925221834	-1.3398400914331665	NA	0.12851127828150674	-2.194869708115711	FALSE	FALSE
LAB36	PCR23	0.9985288301111273	-0.06369997989516474	2.0607576401174192	0.8090471653760731	0.1024692244077813	1.5156251063443649	0.18948166473505412	1.2086229633640202	0.027770759901005474	1.7045647430286206	NA	0.4239445466142292	-1.6265669776282752	TRUE	FALSE
LAB39	PCR23	0.9985288301111273	-0.06369997989516474	2.0607576401174192	-0.19841338043528461	-1.621912482366006	1.225085721495437	1.1969422105464118	3.3099802100902878	0.7626658333212284	-0.21508085895923734	NA	0.4239445466142292	12.890913378606387	FALSE	FALSE
LAB32	PCR29	0.719038594492687	-0.07889203238969367	1.5169692213750676	0.1421539674553238	-0.2962294259254979	0.5805373608361455	0.5768846270373632	1.7804829131606084	0.47857437065161557	0.5139927361254292	NA	0.31806831003834835	5.394217714320362	TRUE	FALSE
LAB23	PCR35	0.31709595765807425	0.05908774984904519	0.5751041654671033	-1.0283118480574311	-5.9495981280869055	3.892974431972044	1.3454078057155054	3.8397520942075354	0.579688780963658	NA	NA	0.13929078358710756	-4.029655247451967	FALSE	TRUE
LAB28	PCR35	0.31709595765807425	0.05908774984904519	0.5751041654671033	0.27611332385982074	-0.6412869805254168	1.1935136282450582	0.04098263379825351	1.041834012688727	0.5288108868758518	0.44776829270478796	NA	0.13929078358710756	6.192016646582298	FALSE	FALSE
LAB34	PCR40	0.8586616190375187	0.4938893821516364	1.223433855923401	-3.101833633005756	-5.425666405808111	-0.7780008602033998	3.9604952520432746	52.48331198124668	0.014106124379814617	-2.070554036034192	NA	0.28453377149326475	1.1596568966173246	FALSE	FALSE
LAB39	PCR40	0.8586616190375187	0.4938893821516364	1.223433855923401	0.3113386086015077	-0.40359983157216384	1.0262770487751791	0.547323010436011	1.7286193225709807	0.3516776062703255	0.6796624816886525	NA	0.28453377149326475	-3.5328303862531465	FALSE	FALSE
LAB55	PCR40	0.8586616190375187	0.4938893821516364	1.223433855923401	-0.5843615813887308	-2.4687885099050657	1.3000653471276036	1.4430232004262495	4.23347513387438	0.46909672540682823	-0.5391367341769253	NA	0.28453377149326475	4.453661039015614	TRUE	FALSE
LAB41	PCR69	0.47000362924573563	0.26816744016602123	0.67183981832545	2.772588722239784	-11.785977751378011	17.33115519585758	-2.302585092994048	0.09999999999999976	0.49866209705855014	0.5679741822376841	NA	0.07071067811865477	-2.989320574980205	FALSE	FALSE
LAB8	PCR69	0.47000362924573563	0.26816744016602123	0.67183981832545	0.34272277261019546	0.019449885751098624	0.6659956594692921	0.12728085663554017	1.1357359519703307	0.04485102921696331	3.1618075879131777	NA	0.07071067811865477	-0.5369893207642237	FALSE	FALSE
LAB54	ALTMTT13	-0.2043340640772224	-0.29538806196775036	-0.11328006618669442	-0.05607727219829994	-0.6847825170897405	0.5726279726931406	0.14825679187892246	1.1598106880918782	0.8339076112080663	0.21916569233364103	NA	0.062372624695126694	0.36275972591323025	TRUE	FALSE
LAB72	ALTMTT13	-0.2043340640772224	-0.29538806196775036	-0.11328006618669442	-0.00246078253982349	-2.491251955688126	2.4863303906084795	0.20187328153739892	1.2236929337989095	0.9981473245133978	0.0024205226231135937	NA	0.062372624695126694	1.4378107997445708	FALSE	FALSE
LAB1	ALTMTT18	0.18148787604537725	0.02964287175361338	0.33333288033714115	-0.7035732127019231	-3.2297923591933655	1.8226459337895191	0.8850610887473003	2.4231324130879353	0.18124685921215436	NA	NA	0.06616292307220814	0.2785910304980409	FALSE	TRUE
LAB18	ALTMTT18	0.18148787604537725	0.02964287175361338	0.33333288033714115	-0.48598747043954993	-1.1201445833244565	0.1481696424453567	0.6674753464849272	1.9493097713097716	0.11281167284698376	-1.8131394682541686	NA	0.06616292307220814	0.42740908753300927	FALSE	FALSE
LAB33	ALTMTT18	0.18148787604537725	0.02964287175361338	0.33333288033714115	-0.8346352341534159	-1.0704859924059251	-0.5987844759009066	1.016123110198793	2.7624642074998476	8.946266600792568e-5	-8.479495194066795	NA	0.06616292307220814	0.18805155301691226	FALSE	FALSE
LAB31	ALTMTT28	-0.556287997842748	-0.766946186607351	-0.34562980907814483	-0.23025165021675312	-5.298645832759807	4.838142532326301	0.32603634762599487	1.3854657263476418	0.6887420399830069	NA	NA	0.082052543755814	0.3887019732838329	TRUE	TRUE
LAB60	ALTMTT28	-0.556287997842748	-0.766946186607351	-0.34562980907814483	-0.07436472183553858	-0.2763804480630768	0.12765100439199964	0.4819232760072094	1.6191855501556032	0.4022061436022585	0.9014051893703467	NA	0.082052543755814	0.11619173110839387	FALSE	FALSE
LAB32	ALTMTT30	-0.5903976324428394	-1.1131666387380843	-0.06762862614759435	-0.510365324563387	-0.8239945367594568	-0.1967361123673172	0.08003230787945237	1.0833220669483263	0.008781483225943063	4.2065479271136805	NA	0.20721561421449264	0.1489174809148307	TRUE	FALSE
LAB72	ALTMTT30	-0.5903976324428394	-1.1131666387380843	-0.06762862614759435	-1.1112512926114215	-2.018876878604288	-0.20362570661855506	-0.5208536601685821	0.5940132460215295	0.027315045244394	3.402576648249608	NA	0.20721561421449264	0.46911409191143627	TRUE	FALSE
LAB21	ALTMTT33	0.5386300607661101	0.48538261696850127	0.5918775045637189	-0.22003591403932848	-1.2537725168913336	0.8137006888126768	0.7586659748054385	2.1354256079629654	0.5478910652407599	-0.6747081523243428	NA	0.04054862780597547	0.37012348989748406	FALSE	FALSE
LAB52	ALTMTT33	0.5386300607661101	0.48538261696850127	0.5918775045637189	-1.3456209804526584	-2.1053159664151617	-0.585925994490155	1.8842510412187685	6.581423380830707	0.0030822343327178794	-4.00758294090577	NA	0.04054862780597547	0.3910172332521925	FALSE	FALSE
LAB21	ALTMTT37	0.3988600536135331	0.21006388756301175	0.5876562196640545	0.35427582328958795	-0.18637141678477864	0.8949230633639546	0.04458423032394515	1.0455930436422312	0.1298095078365849	2.053777399831615	NA	0.07461183558608699	0.1852526540698538	TRUE	FALSE
LAB28	ALTMTT37	0.3988600536135331	0.21006388756301175	0.5876562196640545	0.015795740227642418	-0.4281383821829317	0.4597298626382165	0.3830643133858907	1.466772360131834	0.9332324068976099	0.08741402658991801	NA	0.07461183558608699	0.2557846407902278	FALSE	FALSE
LAB33	ALTMTT37	0.3988600536135331	0.21006388756301175	0.5876562196640545	-0.014281099565416892	-0.2504698115477414	0.2219076124169076	0.41314115317895	1.5115583721457884	0.8647999470328306	-0.18411225942401427	NA	0.07461183558608699	0.09467066716292766	FALSE	FALSE
LAB68	ALTMTT4	-0.3011050927839216	-0.3809904853092288	-0.22121970025861443	0.03095760587894218	-0.7082725901308464	0.7701878018887307	0.3320626986628638	1.3938402376920447	0.9130014226872913	-0.11633458498762099	NA	0.03034569835044617	0.32598347612820744	FALSE	FALSE
LAB72	ALTMTT4	-0.3011050927839216	-0.3809904853092288	-0.22121970025861443	-1.3040501078815183	-4.2656588088077205	1.6575585930446841	-1.0029450150975967	0.3667976244283109	0.2734027256340895	1.2991515214914502	NA	0.03034569835044617	0.8790509575974069	FALSE	FALSE
LAB1	ALTMTT42	-1.1290047633136922	-1.437401040004859	-0.8206084866225254	-1.2647245566751937	-1.5476449029206796	-0.9818042104297079	-0.13571979336150153	0.8730872430578593	0.0026921998643912263	19.233931523037388	NA	0.10495012778657707	0.03546052806801269	TRUE	FALSE
LAB13	ALTMTT42	-1.1290047633136922	-1.437401040004859	-0.8206084866225254	-1.044079671021163	-1.3664114966612482	-0.721747845381078	0.08492509229252909	1.0886355164532568	0.00510891165338049	13.93691807401989	NA	0.10495012778657707	0.04777742752968111	TRUE	FALSE
LAB33	ALTMTT45	0.6348782724359695	0.3580837792289521	0.9116727656429868	0.028783371001087483	-0.7659090370715763	0.8234757790737514	0.606094901434882	1.8332583476185869	0.9244505336263917	0.10101738356995656	NA	0.1412732662599351	0.348328126685813	FALSE	FALSE
LAB42	ALTMTT45	0.6348782724359695	0.3580837792289521	0.9116727656429868	-0.06466551332772223	-0.6996269975792404	0.570295970923796	0.6995437857636917	2.012834214347674	0.8109396532519227	-0.2501562617882033	NA	0.1412732662599351	0.36649377457204274	FALSE	FALSE
LAB43	ALTMTT56	-0.46234075650016626	-0.8560094892936159	-0.06867202370671666	-0.2822942958586574	-2.4191080122020305	1.8545194204847157	0.18004646064150887	1.1972729879006978	0.7640265834304152	0.31208042350794796	NA	0.15238208281170412	1.4651771635249473	FALSE	FALSE
LAB49	ALTMTT56	-0.46234075650016626	-0.8560094892936159	-0.06867202370671666	0.007046252377884008	-0.28771251329543285	0.3018050180512009	0.4693870088780503	1.599013711525735	0.9577148186093658	-0.05461376423746005	NA	0.15238208281170412	0.2238019086713837	FALSE	FALSE
LAB22	ALTMTT60	-0.32609031574810077	-0.4057771333660043	-0.2464034981301972	0.03742700420362724	-1.0548878799736436	1.1297418883808983	0.363517319951728	1.438379769357697	0.9286397037340366	-0.09536306657406417	NA	0.03368961540389066	0.47971835744955565	TRUE	FALSE
LAB31	ALTMTT67	-0.5434360196780522	-0.6645903777117635	-0.42228166164434094	0.04770552232555365	-0.7092461764643004	0.8046572211154078	0.5911415420036059	1.8060489198004575	0.7377176431751576	NA	NA	0.08271780712598646	0.11951926187711634	FALSE	TRUE
LAB33	ALTMTT67	-0.5434360196780522	-0.6645903777117635	-0.42228166164434094	0.07127255331891537	-0.163376969010524	0.3059220756483548	0.6147085729969676	1.8491176382166374	0.4155405566521108	-0.9334176162703218	NA	0.08271780712598646	0.09172153263481993	FALSE	FALSE
LAB49	ALTMTT71	-0.712949807856125	-0.9186325336438739	-0.5072670820683762	-0.3960570906221085	-0.979173083889471	0.18705890264525404	0.3168927172340166	1.3728552803129073	0.1348392417965173	1.8441449435092245	NA	0.0591666504103082	0.3293873498790314	FALSE	FALSE
LAB54	ALTMTT71	-0.712949807856125	-0.9186325336438739	-0.5072670820683762	-0.9834670486092301	-1.7966056890424644	-0.1703284081759957	-0.270517240753105	0.7629847454512038	0.03122516561582186	3.910862374102552	NA	0.0591666504103082	0.30207641409982683	TRUE	FALSE
LAB60	ALTMTT71	-0.712949807856125	-0.9186325336438739	-0.5072670820683762	-0.6381986153446935	-1.1951370452282464	-0.08126018546114055	0.07475119251143159	1.0776159985966143	0.029599286960277516	2.6423857617962776	NA	0.0591666504103082	0.5036301710276512	TRUE	FALSE
LAB85	ALTMTT81	-1.126521076785186	-1.7243017885082654	-0.5287403650621069	-0.13260177834747333	-0.4635096735968096	0.19830611690186295	0.9939192984377128	2.701802920334696	0.30286140321715466	1.2223156383455476	NA	0.09487267438339583	0.12799038292192388	TRUE	FALSE
LAB19	ALTMTT83	-0.2586412036673671	-0.3936010724925274	-0.12368133484220681	-1.302952713019223	-1.9982973560195205	-0.6076080700189257	-1.044311509351856	0.3519340392802381	0.002156345952872319	4.233959691911363	NA	0.10077976701137657	0.470300443189806	FALSE	FALSE
LAB32	ALTMTT83	-0.2586412036673671	-0.3936010724925274	-0.12368133484220681	-0.06914369842492833	-0.4253314954887774	0.2870440986389207	0.18949750524243875	1.2086421087166321	0.6796907453331333	0.4231689082389353	NA	0.10077976701137657	0.3044272362928838	TRUE	FALSE
LAB75	ALTMTT83	-0.2586412036673671	-0.3936010724925274	-0.12368133484220681	0.10355878307582521	-0.5134325141914948	0.7205500803431453	0.3621999867431923	1.4364861914314164	0.6952369347900031	NA	NA	0.10077976701137657	0.3532904815693196	FALSE	TRUE
LAB19	ALTMTT86	-0.22528333902790806	-0.44454189550012757	-0.006024782555688529	-0.3562168910546423	-0.7046050936304147	-0.007828688478869972	-0.13093355202673426	0.8772760656709118	0.04734739202491133	3.2539595785248663	NA	0.05541110874020301	0.12753032717923274	TRUE	FALSE
LAB42	ALTMTT86	-0.22528333902790806	-0.44454189550012757	-0.006024782555688529	0.4607861190207935	-1.2258147206650585	2.1473869587066456	0.6860694580487016	1.9858945311581033	0.44857291120472226	-0.8694571041935933	NA	0.05541110874020301	0.919176318043895	FALSE	FALSE
LAB13	ALTMTT87	0.5306282510621704	0.26298531876356585	0.798271183360775	0.05267966425605205	-0.03622965832947416	0.14158898684157825	0.47794858680611835	1.6127625639776788	0.2039361652242677	1.4010635560269689	NA	0.22709110588125273	0.07717982061868496	FALSE	FALSE
LAB21	ALTMTT87	0.5306282510621704	0.26298531876356585	0.798271183360775	0.12804015063526236	-0.15186331777773854	0.40794361904826326	0.402588100426908	1.4956906904089207	0.3152429885711322	1.0816830784068692	NA	0.22709110588125273	0.2518780462048413	FALSE	FALSE
LAB28	ALTMTT87	0.5306282510621704	0.26298531876356585	0.798271183360775	0.13577255888237139	-0.05965585053705727	0.3312009683018	0.394855692179799	1.4841699981292005	0.1444247451651629	1.6428066236010987	NA	0.22709110588125273	0.17649736443520891	FALSE	FALSE
LAB48	ALTPCR11	0.48365995569322123	0.3216780941647896	0.6456418172216529	0.12294461022349057	-0.35658247134557947	0.6024716917925605	0.36071534546973066	1.4343551070821883	0.5597307704331189	0.6141571964014044	NA	0.14244225808959884	0.39496060470555144	TRUE	FALSE
LAB90	ALTPCR11	0.48365995569322123	0.3216780941647896	0.6456418172216529	-0.06908878109481771	-1.0761976173187744	0.9380200551291389	0.5527487367880389	1.7380238280474698	0.8799501040799276	-0.15542525238706703	NA	0.14244225808959884	0.7779870082215292	FALSE	FALSE
LAB14	ALTPCR114	0.5833323145527387	0.38173832212792824	0.7849263069775492	0.2602402986992502	-0.6029312876952237	1.123411885093724	0.3230920158534885	1.3813924550634968	0.34374525011815454	1.2024500914200702	NA	0.08136760173292795	0.295174468269374	TRUE	FALSE
LAB43	ALTPCR114	0.5833323145527387	0.38173832212792824	0.7849263069775492	0.5368838304287866	-1.210282911016408	2.284050571873981	0.04644848412395208	1.0475441125258234	0.3332876284410178	1.2406169589738252	NA	0.08136760173292795	0.6476253036211804	TRUE	FALSE
LAB35	ALTPCR125	0.39500809079258997	0.04036875404008078	0.7496474275450992	0.26348766979170035	0.03362335245557341	0.4933519871278273	0.13152042100088962	1.140561198885813	0.02563204438298744	2.3103338257515666	NA	0.3571534736023735	0.37445376429438487	TRUE	FALSE
LAB78	ALTPCR125	0.39500809079258997	0.04036875404008078	0.7496474275450992	-0.24690582371760583	-1.1856757696569193	0.6918641222217078	0.6419139145101957	1.9001140572651216	0.5920578705542534	-0.5432176493331247	NA	0.3571534736023735	1.7107259918554973	TRUE	FALSE
LAB9	ALTPCR125	0.39500809079258997	0.04036875404008078	0.7496474275450992	-0.038995280134366435	-0.43211321926346297	0.3541226589947301	0.4340033709269564	1.5434240708775238	0.8416632015239353	-0.2012248924246392	NA	0.3571534736023735	0.5981822167895754	FALSE	FALSE
LAB39	ALTPCR139	1.5830939370944985	0.8828518324468417	2.2833360417421553	-1.6490666578642306	-2.7552958707833444	-0.542837444945117	3.232160594958729	25.334335117766344	0.017518955176629894	-4.6932583448898075	NA	0.31412417230980877	0.7451967216184427	FALSE	FALSE
LAB48	ALTPCR139	1.5830939370944985	0.8828518324468417	2.2833360417421553	-0.9784969958031915	-1.9986092321054174	0.04161524049903442	2.56159093289769	12.956413712267205	0.05721779991312365	-2.363583040763731	NA	0.31412417230980877	0.39876369785912724	FALSE	FALSE
LAB12	ALTPCR147	11.179030546210162	10.248727248419838	12.109333844000487	7.140897526383146	6.426790629666749	7.855004423099542	4.038133019827017	56.72034812591869	1.0011015628259935e-5	27.763744771211357	NA	0.5296120111352945	0.4119891618836248	TRUE	FALSE
LAB8	ALTPCR147	11.179030546210162	10.248727248419838	12.109333844000487	2.0540234506340287	1.393916326086622	2.7141305751814353	9.125007095576134	9182.062169392753	6.830488383210967e-4	8.264583279790786	NA	0.5296120111352945	0.3237819176876151	TRUE	FALSE
LAB48	ALTPCR158	-1.016111067156366	-1.4715214694017373	-0.5607006649109947	0.595340450569235	-0.38900547298606136	1.5796863741245315	1.611451517725601	5.010078169780252	0.17992445962446635	-1.5621791841116652	NA	0.28767059516899696	0.6977711681244194	FALSE	FALSE
LAB89	ALTPCR158	-1.016111067156366	-1.4715214694017373	-0.5607006649109947	-0.06520968634606988	-0.5881161050063739	0.4576967323142342	0.9509013808102962	2.588041419127648	0.7598350286808093	0.323420891361252	NA	0.28767059516899696	0.3269673250563452	FALSE	FALSE
LAB22	ALTPCR16	3.585516941118783	3.5629977286619647	3.6080361535756014	0.4321969661117623	-0.4238151085320587	1.2882090407555833	3.1533199750070207	23.41366848233952	0.1619371754548746	2.172391618195305	NA	0.0124743157880881	0.2955133441191153	FALSE	FALSE
LAB43	ALTPCR16	3.585516941118783	3.5629977286619647	3.6080361535756014	0.8570853886200552	-1.4021989697749815	3.116369747015092	2.7284315524987277	15.308857041379621	0.24421644771302992	1.6322605754656658	NA	0.0124743157880881	0.9029820218890157	FALSE	FALSE
LAB32	ALTPCR166	1.141992584298335	0.4859371531718364	1.7980480154248335	0.28732940751376385	-1.4726267791271044	2.047285594154632	0.8546631767845712	2.3505825164619547	0.6538316866955518	0.4911597741538258	NA	0.21664148664235436	0.7427217078743251	TRUE	FALSE
LAB36	ALTPCR166	1.141992584298335	0.4859371531718364	1.7980480154248335	0.25526000509318925	-1.1685710819365127	1.6790910921228912	0.8867325792051457	2.427186042652296	0.6141154853356305	0.5584896015123569	NA	0.21664148664235436	0.5867357722245394	FALSE	FALSE
LAB28	ALTPCR184	0.3357576956833441	0.08780440956760124	0.583710981799087	0.794061724720797	-0.9719712544082303	2.560094703849824	-0.4583040290374528	0.6323551926384041	0.313413495437782	1.1002054138978656	NA	0.12851127828150674	1.859843275144005	FALSE	FALSE
LAB35	ALTPCR184	0.3357576956833441	0.08780440956760124	0.583710981799087	-0.16433135117724468	-0.3893353962088347	0.060672693854345344	0.5000890468605887	1.6488680906901025	0.13063987081870046	-1.684186501203615	NA	0.12851127828150674	0.1900150690785075	FALSE	FALSE
LAB36	ALTPCR23	0.9985288301111273	-0.06369997989516474	2.0607576401174192	0.8326026562993903	0.14807171333596802	1.5171335992628125	0.1659261738117369	1.1804859477283731	0.022119447555683354	2.725847108357973	NA	0.4239445466142292	0.6549383981913508	TRUE	FALSE
LAB39	ALTPCR23	0.9985288301111273	-0.06369997989516474	2.0607576401174192	-1.6711290065333624	-3.812962004492419	0.4707039914256943	2.6696578366444896	14.435029209679202	0.10766869787709801	-1.8425294209775704	NA	0.4239445466142292	2.926289863960805	FALSE	FALSE
LAB32	ALTPCR29	0.719038594492687	-0.07889203238969367	1.5169692213750676	0.278243426233665	-0.39380049604552564	0.9502873485128556	0.44079516825902204	1.5539423730197992	0.3631109112649366	0.9694249703010189	NA	0.31806831003834835	0.6473922346682497	TRUE	FALSE
LAB23	ALTPCR35	0.31709595765807425	0.05908774984904519	0.5751041654671033	-0.5813976207562225	-2.6486436636696253	1.4858484221571806	0.8984935784142967	2.455900701333237	0.4237993580832776	NA	NA	0.13929078358710756	0.833626926621786	FALSE	TRUE
LAB28	ALTPCR35	0.31709595765807425	0.05908774984904519	0.5751041654671033	0.3403166726097594	-0.5631891667228264	1.2438225119423452	-0.02322071495168515	0.977046811133351	0.43168593478223405	0.810480421864501	NA	0.13929078358710756	0.8302454528471128	FALSE	FALSE
LAB34	ALTPCR40	0.8586616190375187	0.4938893821516364	1.223433855923401	-2.171245493527678	-4.583986448894906	0.24149546183954929	3.029907112565197	20.69531016583263	0.06921942538176319	-2.2596495384014306	NA	0.28453377149326475	1.4736961723082949	FALSE	FALSE
LAB39	ALTPCR40	0.8586616190375187	0.4938893821516364	1.223433855923401	0.21603256399898596	-0.5336261101375124	0.9656912381354843	0.6426290550385327	1.901473391835623	0.5290779233643137	0.6555959426618807	NA	0.28453377149326475	0.5389766529464555	FALSE	FALSE
LAB55	ALTPCR40	0.8586616190375187	0.4938893821516364	1.223433855923401	-0.047302933106417214	-0.6965722621697498	0.6019663959569154	0.9059645521439359	2.4743173805576486	0.8712331594058258	-0.16722599599380622	NA	0.28453377149326475	0.48423483847876503	TRUE	FALSE
LAB41	ALTPCR69	0.47000362924573563	0.26816744016602123	0.67183981832545	-1.9595142881261536	-6.690978549693887	2.77194997344158	2.4295179173718893	11.353407479986737	0.2182054932412183	-1.7665258506728825	NA	0.07071067811865477	2.151836718323526	FALSE	FALSE
LAB8	ALTPCR69	0.47000362924573563	0.26816744016602123	0.67183981832545	0.34849346914039064	0.014663193123449214	0.6823237451573321	0.12151016010534499	1.129200838666352	0.046161567455087184	4.491642861717754	NA	0.07071067811865477	0.11141650679447974	FALSE	FALSE
