EXP	original_es	original_ci_lower	original_ci_upper	n_completed_reps	replication_es	rema_es	rema_pi_lower	rema_pi_upper	rema_pvalue	rema_I2	rema_tau2	rema_Qp	fema_es	fema_ci_lower	fema_ci_upper	fema_pvalue	t_score_FEMA	t_score_mean	t_score	corrected_sign_original_es	corrected_sign_replication_es	log_es_ratio	es_ratio	original_cv	replication_cv	mean_abs_diff_reps	mean_abs_diff_reps_orig	significant_reps	n_voting_reps	subjective_success_reps
EPM1	0.6320350737076432	0.280957391508584	0.9831127559067024	3	-0.19644658694266556	-0.19644658694266556	-0.7593834074963107	0.36649023361097954	0.22167756335241628	71.09220772404261	0.05271254348540543	0.0204547819759048	-0.07567928095504729	-0.2180797523584202	0.0667211904483256	0.2895696836651385	-1.0726843524385459	-1.1643033360240904	-1.0726843524385459	0.6320350737076432	-0.19644658694266556	0.8284816606503088	2.289839346298278	0.47644060138178684	0.4153551988098474	0.292203726942846	0.8656714514187327	0	3	0
EPM11	0.6163417693362002	0.24025673610993825	0.9924268025624622	1	-0.6513067347177613	NA	NA	NA	NA	NA	NA	NA	NA	NA	NA	NA	NA	-1.4343714943547896	-1.4343714943547896	0.6163417693362002	-0.6513067347177613	1.2676485040539616	3.5524890692046713	0.4565410471829434	1.3506785540568702	NA	NA	0	1	0
EPM13	0.20654536514638128	0.06498694847299208	0.3481037818197705	1	-0.12533154543947134	NA	NA	NA	NA	NA	NA	NA	NA	NA	NA	NA	NA	-0.6441609940209979	-0.6441609940209979	0.20654536514638128	-0.12533154543947134	0.3318769105858526	1.3935813028488713	0.13857800045963728	0.42224470856299745	NA	NA	0	1	1
EPM19	0.6236078892169739	0.19737167449097448	1.0498441039429731	2	0.012287000342426626	0.012287000342426626	-0.26445503478358245	0.2890290354684357	0.92808103706983	0	0	0.595150946006762	0.012287000342426626	-0.26445503478358245	0.2890290354684357	0.92808103706983	0.09110764133831259	0.22632567566976453	0.09110764133831259	0.6236078892169739	0.012287000342426626	0.6113208888745473	1.8428640103917704	0.3984800295070217	0.726992597225857	0.24027026825247008	0.5149014509143615	0	2	0
EPM2	0.611462408499593	0.18985233966522586	1.0330724773339601	3	0.008408120652270161	0.008408120652270161	-0.33891874477298983	0.3557349860775301	0.9536748013998053	9.347788783850024	0.008706226056502227	0.4406453975452355	-0.012101873204760374	-0.26420257445844525	0.23999882804892453	0.9230264101352235	-0.09728791917908285	0.25121270378458094	-0.09728791917908285	0.611462408499593	0.008408120652270161	0.6030542878473228	1.8276925833346753	0.4320819220998658	0.8651944125936328	0.29255725810975614	0.4707782147825957	0	3	0
EPM21	-0.8650152555887276	-1.4058468796771373	-0.32418363150031804	2	0.01592669343621977	0.01592669343621977	-0.2556634797652102	0.28751686663764975	0.8583364151533169	53.17515320276254	0.009087154123847174	0.14391242479424374	-0.01611829056256644	-0.11651266902687066	0.08427608790173777	0.7405150415313639	0.3360557810750382	-0.13644428464989544	0.3360557810750382	0.8650152555887276	-0.01592669343621977	0.8809419490249474	2.4131717209378563	0.4662288203396571	0.18987736568047964	0.18487346025341583	0.9091600429275923	0	2	0
EPM25	-0.7256353044384797	-1.6680033811435986	0.21673277226663923	3	-0.296322274905487	-0.296322274905487	-0.6387144712993917	0.04606992148841765	0.08312291180327688	1.0756033019376532	0.001100727415140576	0.3970573454145891	-0.29605798116720927	-0.6291482556495831	0.0370322933151645	0.08079478192720066	1.7667285877906225	1.102956843155609	1.7667285877906225	0.7256353044384797	0.296322274905487	0.42931302953299266	1.536201835684129	0.5966305547938346	0.9069843695246936	0.5207246626493744	0.3606666358879792	0	3	2
EPM27	0.48644789305121233	0.22717234947709875	0.7457234366253259	2	0.029511454740670358	0.029511454740670358	-0.11018336932294462	0.16920627880428532	0.670530098472355	0	0	0.8710318456735334	0.029511454740670358	-0.11018336932294462	0.16920627880428532	0.670530098472355	0.42907965422041155	0.2832319388913246	0.42907965422041155	0.48644789305121233	0.029511454740670358	0.456936438310542	1.5792285026275947	0.24273563091361422	0.21799245413763418	0.023341017360957436	0.4603305677421805	0	2	0
EPM28	-0.5210307763554904	-1.1113864955363735	0.06932494282539259	3	-0.08235768750087095	-0.08235768750087095	-0.23013843195231354	0.06542305695057161	0.27087131350078625	0	0	0.8115717204129314	-0.08235768750087095	-0.23013843195231354	0.06542305695057161	0.27087131350078625	1.108448946910252	0.5076716703186809	1.108448946910252	0.5210307763554904	0.08235768750087095	0.4386730888546195	1.550648280313698	0.5350779458888395	0.6484389708035642	0.09937580540956381	0.45810352328443993	0	3	1
EPM29	-0.957481889014735	-1.931865192759788	0.016901414730318143	2	0.11437971334322967	0.11437971334322967	-0.13265883162771225	0.36141825831417157	0.3601567647270769	0	0	0.5544140756430902	0.11437971334322967	-0.13265883162771225	0.36141825831417157	0.3601567647270769	-0.9197135734772357	-0.4566967783126782	-0.9197135734772357	0.957481889014735	-0.11437971334322967	1.0718616023579646	2.9208118321808945	0.9461229366287943	0.8999221300257086	0.19822733666644846	1.0053901574480157	0	2	0
EPM31	1.543676969566593	0.2832784734065166	2.8040754657266698	2	0.17726435248390088	0.17726435248390088	0.06358139545849295	0.2909473095093088	0.004648966125969001	0	0	0.7632359356263407	0.17726435248390088	0.06358139545849295	0.2909473095093088	0.004648966125969001	3.325646954259398	1.6464155521697492	3.325646954259398	1.543676969566593	0.17726435248390088	1.3664126170826922	3.9212583779946204	0.6229161325998892	0.7009177010894778	0.21064642626746805	1.470504738191971	1	2	1
EPM37	1.4828371843750727	0.38459957140985646	2.581074797340289	2	0.07346890337205886	0.07346890337205886	-0.218090392511398	0.3650281992555157	0.6135368208910259	0	0	0.665744637429988	0.07346890337205886	-0.218090392511398	0.3650281992555157	0.6135368208910259	0.5089269911842086	0.42733523439706195	0.5089269911842086	1.4828371843750727	0.07346890337205886	1.409368281003014	4.093368728343736	0.798972569443061	0.5969852982737477	0.14458122881110747	1.3728062419866718	0	2	0
EPM5	-1.1147976130891268	-1.4219078897915312	-0.8076873363867225	1	-0.3329145740944749	NA	NA	NA	NA	NA	NA	NA	NA	NA	NA	NA	NA	0.7789538984157579	0.7789538984157579	1.1147976130891268	0.3329145740944749	0.781883038994652	2.185583932839913	0.5664416618108756	0.9737499825308066	NA	NA	0	1	0
EPM9	0.38822330167365837	0.12803483065420096	0.6484117726931158	2	0.27701287143471304	0.27701287143471304	-0.30335028755679433	0.8573760304262203	0.143824662826706	67.47364243333715	0.04931086024142521	0.07953248333494566	0.19623628656721862	0.026381924590901135	0.3660906485435361	0.024254139073411635	2.3088589934016226	1.9516087782287959	2.3088589934016226	0.38822330167365837	0.27701287143471304	0.11121043023894533	1.1176300652730573	0.31623201077030316	0.48899697603603665	0.3823131266173283	0.19115656330866415	1	2	1
MTT13	-0.2043340640772224	-0.29538806196775036	-0.11328006618669442	2	-0.007472773817698808	-0.007472773817698808	-0.13386899158727242	0.11892344395187479	0.8633141409836929	26.38303113155285	9.196441256768876e-4	0.2438180104641036	-0.008895335794527691	-0.09616144424029094	0.07837077265123557	0.8107416090439555	0.2504342117566668	0.1233801224298024	0.2504342117566668	0.2043340640772224	0.007472773817698808	0.1968612902595236	1.2175751394604502	0.062372624695126694	0.07146075153486142	0.08349540072965508	0.20083068635504664	0	2	1
MTT18	0.18148787604537725	0.02964287175361338	0.33333288033714115	3	-0.6708038428069857	-0.6708038428069857	-1.1723158468904864	-0.16929183872348486	6.846005738136692e-4	84.53254855948661	0.03143931379130501	1.7906807866334542e-4	-0.7801967244656695	-0.8480523451165288	-0.7123411038148101	2.74394017326156e-8	-27.26372062762878	-16.349178907067866	-27.26372062762878	0.18148787604537725	-0.6708038428069857	0.8522917188523629	2.3450148133041995	0.06616292307220814	0.0780634094696788	0.23116512441232398	0.8436543978484304	0	2	0
MTT28	-0.556287997842748	-0.766946186607351	-0.34562980907814483	2	-0.07495108620326503	-0.07495108620326503	-0.1798057584925961	0.029903586086066067	0.10782385425826538	0	0	0.7805720058837757	-0.07495108620326503	-0.1798057584925961	0.029903586086066067	0.10782385425826538	2.2624308119829966	2.2374137185320064	2.2624308119829966	0.556287997842748	0.07495108620326503	0.48133691163948295	1.618236395746612	0.082052543755814	0.23511279230062077	0.13230463773162066	0.4158314956230853	0	1	0
MTT30	-0.5903976324428394	-1.1131666387380843	-0.06762862614759435	2	-0.823993021289325	-0.823993021289325	-2.1120792967438033	0.46409325416515346	0.037911598918695846	93.34641384251894	0.18262670482769597	1.0584429270302174e-4	-0.8896212566073239	-1.0808362719441829	-0.6984062412704649	2.397423198216579e-5	11.316661269331133	7.640627065681025	11.316661269331133	0.5903976324428394	0.823993021289325	-0.23359538884648556	0.7916820744984929	0.20721561421449264	0.10969979775118655	0.6255302555028163	0.31276512775140813	2	2	2
MTT33	0.5386300607661101	0.48538261696850127	0.5918775045637189	2	-0.7053777072087475	-0.7053777072087475	-2.9772815370465695	1.5665261226290745	0.25467574952457495	81.92827630514783	0.4987407167446016	0.018655681881785048	-0.6626066084229694	-1.2545453184640896	-0.07066789838184917	0.034444072557899684	-2.83794245258042	-2.083262884724112	-2.83794245258042	0.5386300607661101	-0.7053777072087475	1.2440077679748576	3.4694905512369045	0.04054862780597547	0.3096813126761802	1.1034064072071208	1.253442208857062	0	2	0
MTT37	0.3988600536135331	0.21006388756301175	0.5876562196640545	3	0.10829013989819661	0.10829013989819661	-0.47987960013051323	0.6964598799269064	0.4052251562356212	95.74189274101454	0.0386294152259777	0.001838193514762261	0.012704273973044381	-0.04212339106176873	0.06753193900785749	0.5787729614793965	0.5926805183473931	1.1387616622659111	0.5926805183473931	0.3988600536135331	0.10829013989819661	0.29056991371533647	1.337189353458609	0.07461183558608699	0.081060359192683007	0.2712664092228709	0.2697258621546665	0	3	1
MTT4	-0.3011050927839216	-0.3809904853092288	-0.22121970025861443	2	-0.6846000961081774	-0.6846000961081774	-6.848367735424757	5.479167543208403	0.519185712217579	79.48110989803462	1.2956179484047463	0.027271218006913848	0.028480118913135948	-0.16656483805365072	0.22352507587992262	0.5956773948479542	-0.6245373494140666	0.7112261442886445	-0.6245373494140666	0.3011050927839216	0.6846000961081774	-0.3834950033242558	0.6814754831522671	0.03034569835044617	0.1738252674479485	1.8055998672860902	0.9027999336430451	0	2	0
MTT42	-1.1290047633136922	-1.437401040004859	-0.8206084866225254	2	-1.1573219779743324	-1.1573219779743324	-1.6536660753356074	-0.6609778806130575	5.081503939931641e-4	79.59108386179048	0.01937412752123756	0.026859506838526524	-1.1687089202771956	-1.3068319420157253	-1.030585898538666	2.1767787717190094e-5	23.649143493855114	16.58542479852864	23.649143493855114	1.1290047633136922	1.1573219779743324	-0.0283172146606403	0.972079959873647	0.10495012778657707	0.0416189777988469	0.22064488565403062	0.11032244282701531	2	2	2
MTT45	0.6348782724359695	0.3580837792289521	0.9116727656429868	2	-0.00925306525040624	-0.00925306525040624	-0.17793817934466696	0.1594320488438545	0.8563407111406793	40.859103723400175	0.0019355540176030916	0.19348535990458135	-0.011744467089048796	-0.10736318343919012	0.08387424926109253	0.7646336332945572	-0.3162873201116356	-0.16549406292364965	-0.3162873201116356	0.6348782724359695	-0.00925306525040624	0.6441313376863758	1.9043320890654964	0.1412732662599351	0.0691767314095889	0.09733594014934721	0.6405251954978454	0	2	0
MTT56	-0.46234075650016626	-0.8560094892936159	-0.06867202370671666	2	-0.04293516422268299	-0.04293516422268299	-0.2200591977655291	0.13418886932016313	0.5327144102621635	11.60744753371044	0.0013898848481163645	0.28749458813411455	-0.03753618865364638	-0.1740873834715428	0.09901500616425002	0.5384147705872937	0.6456652413992615	0.6713632623599448	0.6456652413992615	0.46234075650016626	0.04293516422268299	0.41940559227748325	1.5210571587334754	0.15238208281170412	0.1507092365948264	0.1547519190791663	0.3782915377134363	0	2	0
MTT60	-0.32609031574810077	-0.4057771333660043	-0.2464034981301972	1	0.08493538790199812	NA	NA	NA	NA	NA	NA	NA	NA	NA	NA	NA	NA	-0.8274171705606954	-0.8274171705606954	0.32609031574810077	-0.08493538790199812	0.4110257036500989	1.508364126523521	0.03368961540389066	0.13105746147723915	NA	NA	0	1	1
MTT67	-0.5434360196780522	-0.6645903777117635	-0.42228166164434094	2	0.06029295989177029	0.06029295989177029	-0.07653306994602281	0.19711898972956338	0.23291908806663106	0	0	0.6700252899065339	0.06029295989177029	-0.07653306994602281	0.19711898972956338	0.23291908806663106	-1.5588768578695358	-1.374925606537669	-1.5588768578695358	0.5434360196780522	-0.06029295989177029	0.6037289795698225	1.8289261284764802	0.08271780712598646	0.06311547122941308	0.033041479528571234	0.6048761844545656	0	1	0
MTT71	-0.712949807856125	-0.9186325336438739	-0.5072670820683762	3	-0.6160558548738947	-0.6160558548738947	-1.3505159650051533	0.11840425525736376	0.005590358055137689	85.15031085377971	0.07820343577138429	0.004229836767944942	-0.5505443390095079	-0.6950644948108349	-0.406024183208181	6.254560575795112e-6	8.464631470140016	5.097901795244006	8.464631470140016	0.712949807856125	0.6160558548738947	0.09689395298223036	1.1017435308099148	0.0591666504103082	0.12038736377260968	0.42169774885458733	0.2552621513602533	3	3	2
MTT81	-1.126521076785186	-1.7243017885082654	-0.5287403650621069	1	-0.13260177834747333	NA	NA	NA	NA	NA	NA	NA	NA	NA	NA	NA	NA	1.2223156383455476	1.2223156383455476	1.126521076785186	0.13260177834747333	0.9939192984377128	2.701802920334696	0.09487267438339583	0.12799038292192388	NA	NA	0	1	1
MTT83	-0.2586412036673671	-0.3936010724925274	-0.12368133484220681	3	-0.2676406600525621	-0.2676406600525621	-1.8355062033252636	1.3002248832201395	0.45956832852427076	94.47777631595257	0.3076093086518248	0.0036966859367534694	-0.07603308218866392	-0.1340269435240338	-0.018039220853294034	0.01792949400273736	3.159195261320735	3.16021843004818	3.159195261320735	0.2586412036673671	0.2676406600525621	-0.008999456385195004	0.9910409175172523	0.10077976701137657	0.19609244425267341	0.8260070511474282	0.4732938096738738	2	2	1
MTT86	-0.22528333902790806	-0.44454189550012757	-0.006024782555688529	2	-0.11227049848494991	-0.11227049848494991	-1.8542236173562292	1.6296826203863295	0.7821335989660523	56.12661075726895	0.18732085672470164	0.13111222443147016	-0.32278354306679113	-0.6493074128181169	0.0037403266845346117	0.05149295404413125	3.0108009959824686	1.1922512371656366	3.0108009959824686	0.22528333902790806	0.11227049848494991	0.11301284054295815	1.1196463097228209	0.05541110874020301	0.5233533226115639	0.8170030100754359	0.40850150503771787	1	2	1
MTT87	0.5306282510621704	0.26298531876356585	0.798271183360775	3	0.07164316858698322	0.07164316858698322	-4.3343181132284025e-4	0.14371976898528926	0.05117552407253064	0	0	0.5817410953461288	0.07164316858698322	-4.3343181132284025e-4	0.14371976898528926	0.05117552407253064	2.1790758145409694	1.375184419344979	2.1790758145409694	0.5306282510621704	0.07164316858698322	0.45898508247518716	1.5824670961142855	0.22709110588125273	0.16851841041957838	0.05539526308421289	0.42513079313760843	0	3	0
PCR11	0.48365995569322123	0.3216780941647896	0.6456418172216529	2	0.031256315091102584	0.031256315091102584	-0.33082899441530356	0.3933416245975088	0.8499213109273245	0	0	0.9133964232081817	0.031256315091102584	-0.33082899441530356	0.3933416245975088	0.8499213109273245	0.19461598763252305	0.06686941234365482	0.19461598763252305	0.48365995569322123	0.031256315091102584	0.45240364060211863	1.5720863784205816	0.14244225808959884	52.947258038425026	0.05041820563358555	0.4705809285362269	0	2	1
PCR114	0.5833323145527387	0.38173832212792824	0.7849263069775492	2	0.2389231679053045	0.2389231679053045	-0.37311359488101664	0.8509599306916257	0.3072083900868803	0	0	0.8277479167853669	0.2389231679053045	-0.37311359488101664	0.8509599306916257	0.3072083900868803	1.21942540284153	0.5935776191440086	1.21942540284153	0.5833323145527387	0.2389231679053045	0.3444091466474342	1.4111558871095649	0.08136760173292795	-2.998732098775875	0.11950370835209537	0.3025435261314656	0	2	2
PCR125	0.39500809079258997	0.04036875404008078	0.7496474275450992	3	0.2364853161330615	0.2364853161330615	0.07030585871872991	0.40266477354739316	0.005801179032124317	0	0	0.48509198349734095	0.2364853161330615	0.07030585871872991	0.40266477354739316	0.005801179032124317	2.828295359452597	0.9699800784994362	2.828295359452597	0.39500809079258997	0.2364853161330615	0.15852277465952846	1.1717786107802135	0.3571534736023735	-15.796210351723904	0.17819116985188463	0.20772379448439476	1	3	2
PCR139	1.5830939370944985	0.8828518324468417	2.2833360417421553	2	-1.345423569928509	-1.345423569928509	-1.9000322893666752	-0.7908148504903432	4.676118867917729e-4	0	0	0.3997502777360277	-1.345423569928509	-1.9000322893666752	-0.7908148504903432	4.676118867917729e-4	-5.5571849536243825	-2.7199815947933805	-5.5571849536243825	1.5830939370944985	-1.345423569928509	2.928517507023008	18.699887485476623	0.31412417230980877	0.7398625089214117	0.40780159122943616	2.9249113541284597	0	2	0
PCR147	11.179030546210162	10.248727248419838	12.109333844000487	2	4.872223716359199	4.872223716359199	-5.277957994197633	15.022405426916029	0.09539564356282923	99.3217032483607	29.676870116666656	6.3262704613375904e-34	5.514998658447485	5.045588631757466	5.984408685137504	1.9343427460141144e-11	25.756874637971542	11.806236548555852	25.756874637971542	11.179030546210162	4.872223716359199	6.306806829850964	548.291362939907	0.5296120111352945	-0.3081196634719628	5.358304964600601	6.311196526573778	2	2	2
PCR158	-1.016111067156366	-1.4715214694017373	-0.5607006649109947	2	0.16520957660652527	0.16520957660652527	-0.670102214866403	1.0005213680794534	0.5330084576264515	45.368379133295775	0.13601261111111015	0.1760753764522531	0.09125050518090808	-0.27458178245577236	0.45708279281758846	0.5790461670790321	-0.5791299963680646	-0.4814943088503468	-0.5791299963680646	1.016111067156366	-0.16520957660652527	1.1813206437628914	3.258674911109503	0.28767059516899696	18.64101368956579	0.5367269668135838	1.2703805578917717	0	2	0
PCR16	3.585516941118783	3.5629977286619647	3.6080361535756014	2	0.41437040429960986	0.41437040429960986	-0.28973675658357495	1.118477565182795	0.1501222895459545	0	0	0.7416861266338172	0.41437040429960986	-0.28973675658357495	1.118477565182795	0.1501222895459545	1.9929701449781432	0.9667304971236703	1.9929701449781432	3.585516941118783	0.41437040429960986	3.1711465368191734	23.834796167822002	0.0124743157880881	-1.8465760206675705	0.18965277023654137	3.1056087890227655	0	2	0
PCR166	1.141992584298335	0.4859371531718364	1.7980480154248335	2	0.210467563712362	0.210467563712362	-0.7456427105542964	1.1665778379790204	0.6101434628299407	0	0	0.9429381501038628	0.210467563712362	-0.7456427105542964	1.1665778379790204	0.6101434628299407	0.5374123956191718	0.263753828249912	0.5374123956191718	1.141992584298335	0.210467563712362	0.931525020585973	2.5383773050263514	0.21664148664235436	-6.535452020273702	0.0641931305551898	0.9158918248173518	0	2	1
PCR184	0.3357576956833441	0.08780440956760124	0.583710981799087	2	-0.20109852818322294	-0.20109852818322294	-0.44015039573310333	0.03795333936665755	0.08933076241609031	0	0	0.7383401288796174	-0.20109852818322294	-0.44015039573310333	0.03795333936665755	0.08933076241609031	-1.9071552161370413	-0.7085403999053219	-1.9071552161370413	0.3357576956833441	-0.20109852818322294	0.5368562238665671	1.710620591817019	0.12851127828150674	-17.88598666011489	0.15805730281863525	0.4661115728091689	0	2	0
PCR23	0.9985288301111273	-0.06369997989516474	2.0607576401174192	2	0.4545226657016205	0.4545226657016205	-0.9906624476175357	1.8997077790207766	0.35600586674911805	49.05205539600582	0.5181224218750015	0.16121549044438765	0.5981761518398658	-0.011787753840261364	1.208140057519993	0.05417212107118929	2.044749074324771	0.7447419420346917	2.044749074324771	0.9985288301111273	0.4545226657016205	0.5440061644095068	1.7228952566100515	0.4239445466142292	5.632173200489056	1.0074605458113577	0.693211937640733	1	2	1
PCR29	0.719038594492687	-0.07889203238969367	1.5169692213750676	1	0.1421539674553238	NA	NA	NA	NA	NA	NA	NA	NA	NA	NA	NA	NA	0.5139927361254292	0.5139927361254292	0.719038594492687	0.1421539674553238	0.5768846270373632	1.7804829131606084	0.31806831003834835	5.394217714320362	NA	NA	0	1	1
PCR35	0.31709595765807425	0.05908774984904519	0.5751041654671033	2	0.19783741752762696	0.19783741752762696	-0.683067941615961	1.0787427766712148	0.639745238465623	0	0	0.4547068061211188	0.19783741752762696	-0.683067941615961	1.0787427766712148	0.639745238465623	0.47740488731039027	0.44776829270478796	0.47740488731039027	0.31709595765807425	0.19783741752762696	0.11925854013044729	1.1266611677621752	0.13929078358710756	1.0811806995651652	1.304425171917252	0.6931952197568795	0	1	0
PCR40	0.8586616190375187	0.4938893821516364	1.223433855923401	3	-0.9334127855803626	-0.9334127855803626	-4.77385601881276	2.907030447652034	0.3504509105170577	83.68492433591906	4.740720301033547	0.0054184330027664184	-0.06529304740754849	-0.6685364396137282	0.5379503447986312	0.8199129402294781	-0.2319342262719336	-0.6433427628408216	-0.2319342262719336	0.8586616190375187	-0.9334127855803626	1.7920744046178814	6.001889909923096	0.28453377149326475	0.6934958497932642	2.275448161071509	1.9836138209685117	0	3	1
PCR69	0.47000362924573563	0.26816744016602123	0.67183981832545	2	0.3439202561969335	0.3439202561969335	0.021031959601899852	0.6668085527919672	0.04445671757307036	0	0	0.4727893846210507	0.3439202561969335	0.021031959601899852	0.6668085527919672	0.04445671757307036	4.578590575401491	1.864890885075431	4.578590575401491	0.47000362924573563	0.3439202561969335	0.12608337304880213	1.1343767407879408	0.07071067811865477	-1.7631549478722142	2.4298659496295882	1.2149329748147941	1	2	0
ALTMTT13	-0.2043340640772224	-0.29538806196775036	-0.11328006618669442	2	-0.05288334268341323	-0.05288334268341323	-0.646065163235386	0.5402984778685596	0.8376187533229758	0	0	0.9592105072232824	-0.05288334268341323	-0.646065163235386	0.5402984778685596	0.8376187533229758	0.21312840384730333	0.11079310747837731	0.21312840384730333	0.2043340640772224	0.05288334268341323	0.15145072139380916	1.163520963705551	0.062372624695126694	0.9002852628289005	0.05361648965847645	0.1750650367081607	0	2	1
ALTMTT18	0.18148787604537725	0.02964287175361338	0.33333288033714115	3	-0.7790000043059958	-0.7790000043059958	-0.9703088470336394	-0.5876911615783522	6.488404301436887e-6	0	0	0.4404239125027977	-0.7790000043059958	-0.9703088470336394	-0.5876911615783522	6.488404301436887e-6	-9.190734499684748	-5.146317331160482	-9.190734499684748	0.18148787604537725	-0.7790000043059958	0.960487880351373	2.612970979694254	0.06616292307220814	0.29801722368265415	0.23243184247591064	0.8562198484770068	0	2	0
ALTMTT28	-0.556287997842748	-0.766946186607351	-0.34562980907814483	2	-0.0797197965215775	-0.0797197965215775	-0.27533854852526723	0.11589895548211225	0.36130331589857195	0	0	0.7261737383664207	-0.0797197965215775	-0.27533854852526723	0.11589895548211225	0.36130331589857195	0.9833540770326923	0.9014051893703467	0.9833540770326923	0.556287997842748	0.0797197965215775	0.47656820132117045	1.6105378657675122	0.082052543755814	0.2524468521961134	0.15588692838121454	0.40397981181660214	0	1	0
ALTMTT30	-0.5903976324428394	-1.1131666387380843	-0.06762862614759435	2	-0.7343032279335252	-0.7343032279335252	-1.8310989619553664	0.36249250608831585	0.04352300842943214	66.38217366880866	0.11984104804274535	0.08458038963064905	-0.5832353539883258	-0.8592443662577005	-0.30722634171895113	0.0019481236595780746	5.128153761492906	3.8045622876816445	5.128153761492906	0.5903976324428394	0.7343032279335252	-0.14390559549068582	0.8659694956257904	0.20721561421449264	0.3090157864131335	0.6008859680480345	0.30044298402401726	2	2	2
ALTMTT33	0.5386300607661101	0.48538261696850127	0.5918775045637189	2	-0.779991572259488	-0.779991572259488	-2.8619233837561078	1.3019402392371315	0.1999355156418778	82.70678386050749	0.5239233839867068	0.016185449690850687	-0.7664238932080284	-1.297626662674773	-0.2352211237412838	0.009906800295964927	-3.2761773086673314	-2.3411455466150564	-3.2761773086673314	0.5386300607661101	-0.779991572259488	1.318621633025598	3.738265123284634	0.04054862780597547	0.38057036157483826	1.12558506641333	1.3214585080121035	0	2	0
ALTMTT37	0.3988600536135331	0.21006388756301175	0.5876562196640545	3	0.08657474553609458	0.08657474553609458	-0.33910097198408723	0.5122504630562764	0.4618648770624745	47.61801205879747	0.01789676384141776	0.14777141353340775	0.04346605841077907	-0.11841769847735625	0.2053498152989144	0.5342788279105903	0.6598202327024686	0.6523597223325063	0.6598202327024686	0.3988600536135331	0.08657474553609458	0.31228530807743854	1.3665445236066935	0.07461183558608699	0.17856932067433642	0.2457046152366699	0.28026323229626193	0	3	1
ALTMTT4	-0.3011050927839216	-0.3809904853092288	-0.22121970025861443	2	-0.28570866553858587	-0.28570866553858587	-2.461112142444472	1.8896948113673002	0.6382699651850678	39.49379989196963	0.35193825459433353	0.19858869541625052	-0.056708837915849214	-0.7380839200234062	0.6246662441917077	0.8350545212703068	0.2204659211877666	0.5914084682519146	0.2204659211877666	0.3011050927839216	0.28570866553858587	0.015396427245335742	1.0155155628669943	0.03034569835044617	0.6025172168628072	1.3350077137604606	0.6675038568802303	0	2	0
ALTMTT42	-1.1290047633136922	-1.437401040004859	-0.8206084866225254	2	-1.1573219779743324	-1.1573219779743324	-1.6536660753356074	-0.6609778806130575	5.081503939931641e-4	79.59108386179048	0.01937412752123756	0.026859506838526524	-1.1687089202771956	-1.3068319420157253	-1.030585898538666	2.1767787717190094e-5	23.649143493855114	16.58542479852864	23.649143493855114	1.1290047633136922	1.1573219779743324	-0.0283172146606403	0.972079959873647	0.10495012778657707	0.0416189777988469	0.22064488565403062	0.11032244282701531	2	2	2
ALTMTT45	0.6348782724359695	0.3580837792289521	0.9116727656429868	2	-0.022475979774534596	-0.022475979774534596	-0.450497418624376	0.4055454590753068	0.9089264781514629	0	0	0.8080826244606175	-0.022475979774534596	-0.450497418624376	0.4055454590753068	0.9089264781514629	-0.11739721418299918	-0.07456943910912339	-0.11739721418299918	0.6348782724359695	-0.022475979774534596	0.6573542522105041	1.9296801276471267	0.1412732662599351	0.35741095062892786	0.09344888432880971	0.6528193435992868	0	2	0
ALTMTT56	-0.46234075650016626	-0.8560094892936159	-0.06867202370671666	2	0.0012772116331760317	0.0012772116331760317	-0.2886776267229737	0.2912320499893257	0.9922447269387058	0	0	0.7514976401323196	0.0012772116331760317	-0.2886776267229737	0.2912320499893257	0.9922447269387058	-0.009999542633767388	0.12873332963524398	-0.009999542633767388	0.46234075650016626	-0.0012772116331760317	0.4636179681333423	1.5898154942288905	0.15238208281170412	0.8444895360981655	0.28934054823654143	0.3247167347597796	0	2	0
ALTMTT60	-0.32609031574810077	-0.4057771333660043	-0.2464034981301972	1	0.03742700420362724	NA	NA	NA	NA	NA	NA	NA	NA	NA	NA	NA	NA	-0.09536306657406417	-0.09536306657406417	0.32609031574810077	-0.03742700420362724	0.363517319951728	1.438379769357697	0.03368961540389066	0.47971835744955565	NA	NA	0	1	1
ALTMTT67	-0.5434360196780522	-0.6645903777117635	-0.42228166164434094	2	0.06430153338598202	0.06430153338598202	-0.10446454909454933	0.23306761586651337	0.36514731766631525	0	0	0.8666912734997124	0.06430153338598202	-0.10446454909454933	0.23306761586651337	0.36514731766631525	-1.003518963407644	-0.9334176162703218	-1.003518963407644	0.5434360196780522	-0.06430153338598202	0.6077375530640342	1.8362722271293066	0.08271780712598646	0.10562039725596814	0.023567030993361722	0.6029250575002867	0	1	0
ALTMTT71	-0.712949807856125	-0.9186325336438739	-0.5072670820683762	3	-0.6535462062786049	-0.6535462062786049	-1.1896198324395137	-0.11747258011769601	0.002154552764350451	36.751318778797575	0.03221120297681318	0.2064379471302349	-0.6420432250713969	-0.9347808552661965	-0.3493055948765973	3.9886132410454943e-4	4.745777784113867	2.799131026469351	4.745777784113867	0.712949807856125	0.6535462062786049	0.059403601577520115	1.0612034577094254	0.0591666504103082	0.3783646450021698	0.39160663865808104	0.22072038349951772	2	3	2
ALTMTT81	-1.126521076785186	-1.7243017885082654	-0.5287403650621069	1	-0.13260177834747333	NA	NA	NA	NA	NA	NA	NA	NA	NA	NA	NA	NA	1.2223156383455476	1.2223156383455476	1.126521076785186	0.13260177834747333	0.9939192984377128	2.701802920334696	0.09487267438339583	0.12799038292192388	NA	NA	0	1	1
ALTMTT83	-0.2586412036673671	-0.3936010724925274	-0.12368133484220681	3	-0.3988508352639259	-0.3988508352639259	-2.0913458317565454	1.2936441612286935	0.36049504613868644	89.82950839847045	0.4887115600700713	5.872398870415626e-4	-0.23068460893686807	-0.4892549561272538	0.027885738253517672	0.07794351553759832	1.842411328363171	2.3285643000751493	1.842411328363171	0.2586412036673671	0.3988508352639259	-0.1402096315965588	0.8691760095447533	0.10077976701137657	0.37600605368400314	0.9376743307300321	0.532003000445829	1	2	1
ALTMTT86	-0.22528333902790806	-0.44454189550012757	-0.006024782555688529	2	-0.11227049848494991	-0.11227049848494991	-1.8542236173562292	1.6296826203863295	0.7821335989660523	56.12661075726895	0.18732085672470164	0.13111222443147016	-0.32278354306679113	-0.6493074128181169	0.0037403266845346117	0.05149295404413125	3.0108009959824686	1.1922512371656366	3.0108009959824686	0.22528333902790806	0.11227049848494991	0.11301284054295815	1.1196463097228209	0.05541110874020301	0.5233533226115639	0.8170030100754359	0.40850150503771787	1	2	1
ALTMTT87	0.5306282510621704	0.26298531876356585	0.798271183360775	3	0.07164316858698322	0.07164316858698322	-4.3343181132284025e-4	0.14371976898528926	0.05117552407253064	0	0	0.5817410953461288	0.07164316858698322	-4.3343181132284025e-4	0.14371976898528926	0.05117552407253064	2.1790758145409694	1.375184419344979	2.1790758145409694	0.5306282510621704	0.07164316858698322	0.45898508247518716	1.5824670961142855	0.22709110588125273	0.16851841041957838	0.05539526308421289	0.42513079313760843	0	3	0
ALTPCR11	0.48365995569322123	0.3216780941647896	0.6456418172216529	2	0.09056527324261804	0.09056527324261804	-0.3207054882735502	0.5018360347587862	0.6313616167375549	0	0	0.6936505701890561	0.09056527324261804	-0.3207054882735502	0.5018360347587862	0.6313616167375549	0.4961696006428298	0.22936597200716868	0.4961696006428298	0.48365995569322123	0.09056527324261804	0.3930946824506032	1.4815586602932291	0.14244225808959884	0.5864738064635403	0.19203339131830827	0.45673204112888477	0	2	1
ALTPCR114	0.5833323145527387	0.38173832212792824	0.7849263069775492	2	0.31558834654709983	0.31558834654709983	-0.27966423529655055	0.9108409283907501	0.19595250113893473	0	0	0.5674933609294823	0.31558834654709983	-0.27966423529655055	0.9108409283907501	0.19595250113893473	1.6303747984370578	1.2215335251969477	1.6303747984370578	0.5833323145527387	0.31558834654709983	0.2677439680056389	1.3070124601655586	0.08136760173292795	0.4713998859452772	0.27664353172953643	0.1847702499887203	0	2	2
ALTPCR125	0.39500809079258997	0.04036875404008078	0.7496474275450992	3	0.11717743599424049	0.11717743599424049	-0.28794966965879465	0.5223045416472757	0.40852248382164746	33.572948310327575	0.021489781796572748	0.26251243564549714	0.16634931481561208	-0.025009341446156824	0.35770797107738095	0.08743633530479882	1.731561610200535	0.5219637613312675	1.731561610200535	0.39500809079258997	0.11717743599424049	0.27783065479834945	1.3202625981410012	0.3571534736023735	0.8944539909798193	0.3402623290062041	0.4024792354793473	1	3	2
ALTPCR139	1.5830939370944985	0.8828518324468417	2.2833360417421553	2	-1.3495174197275033	-1.3495174197275033	-2.3729176458054964	-0.3261171936495102	0.0047185503343659466	34.429413555852854	0.07740828256599415	0.21685324974328488	-1.3682812523104566	-1.9996592566625235	-0.7369032479583897	0.0013202212971583761	-5.107653534634047	-3.528420692826769	-5.107653534634047	1.5830939370944985	-1.3495174197275033	2.932611356822002	18.776598931531485	0.31412417230980877	0.5719802097387849	0.6705696620610391	2.8968757639282092	0	2	0
ALTPCR147	11.179030546210162	10.248727248419838	12.109333844000487	2	4.597029552266341	4.597029552266341	-5.4404362824026835	14.634495386935367	0.10608395399308848	99.50564101354104	12.874183054059017	6.634815573591269e-46	4.5102897777396445	4.102396737892183	4.918182817587106	2.683922477488989e-9	25.235821916163026	18.01416402550107	25.235821916163026	11.179030546210162	4.597029552266341	6.582000993943821	721.982567557272	0.5296120111352945	0.36788553978561994	5.086874075749117	6.581570057701575	2	2	2
ALTPCR158	-1.016111067156366	-1.4715214694017373	-0.5607006649109947	2	0.1859028161521273	0.1859028161521273	-0.9314230549460244	1.303228687250279	0.5793169111727909	57.39730476294717	0.12521982071319798	0.12550267788622776	0.07924951877483015	-0.3377481426328745	0.49624718018253483	0.6692948026882801	-0.4446746496227914	-0.6193791463752065	-0.4446746496227914	1.016111067156366	-0.1859028161521273	1.2020138833084932	3.3268099880536517	0.28767059516899696	0.5123692465903823	0.6605501369153048	1.2811764492679485	0	2	0
ALTPCR16	3.585516941118783	3.5629977286619647	3.6080361535756014	2	0.48553486115738137	0.48553486115738137	-0.16802246500128531	1.139092187316048	0.0937483966268	0	0	0.4492420859776247	0.48553486115738137	-0.16802246500128531	1.139092187316048	0.0937483966268	2.609788599582765	1.9023260968304854	2.609788599582765	3.585516941118783	0.48553486115738137	3.0999820799614017	22.197553496862035	0.0124743157880881	0.5992476830040655	0.42488842250829295	2.9408757637528744	0	2	0
ALTPCR166	1.141992584298335	0.4859371531718364	1.7980480154248335	2	0.26741558050060094	0.26741558050060094	-0.6139394539889347	1.1487706149901364	0.4858432410725556	0	0	0.9655435509145137	0.26741558050060094	-0.6139394539889347	1.1487706149901364	0.4858432410725556	0.7424839900295245	0.5248246878330913	0.7424839900295245	1.141992584298335	0.26741558050060094	0.8745770037977341	2.3978607934081086	0.21664148664235436	0.6647287400494323	0.0320694024205746	0.8706978779948584	0	2	1
ALTPCR184	0.3357576956833441	0.08780440956760124	0.583710981799087	2	0.048070993369893615	0.048070993369893615	-1.3127020509899865	1.4088440377297735	0.9067535585321732	42.25166425319582	0.19404442030172608	0.1882001059137319	-0.14712941437419239	-0.36874831104166017	0.07448948229327537	0.16528748965208462	-1.5216058914375405	-0.2919905436528747	-1.5216058914375405	0.3357576956833441	0.048070993369893615	0.2876867023134505	1.3333395064965166	0.12851127828150674	1.0249291721112563	0.9583930758980417	0.4791965379490208	0	2	0
ALTPCR23	0.9985288301111273	-0.06369997989516474	2.0607576401174192	2	-0.27361927968352473	-0.27361927968352473	-4.764110766821605	4.216872207454556	0.8296190858852378	85.38920933008569	2.676384830389542	0.008892669797075906	0.5775610127304424	-0.05503207622845718	1.210154101689342	0.06986971007333284	1.995219425962506	0.44165884369020136	1.995219425962506	0.9985288301111273	-0.27361927968352473	1.272148109794652	3.568509886063577	0.4239445466142292	1.7906141310760777	2.503731662832753	1.4177920052281134	1	2	1
ALTPCR29	0.719038594492687	-0.07889203238969367	1.5169692213750676	1	0.278243426233665	NA	NA	NA	NA	NA	NA	NA	NA	NA	NA	NA	NA	0.9694249703010189	0.9694249703010189	0.719038594492687	0.278243426233665	0.44079516825902204	1.5539423730197992	0.31806831003834835	0.6473922346682497	NA	NA	0	1	1
ALTPCR35	0.31709595765807425	0.05908774984904519	0.5751041654671033	2	-0.006026195493374917	-0.006026195493374917	-1.2582215311131286	1.2461691401263788	0.9894158916912571	33.645140950294056	0.14291736518938228	0.21958999084211214	0.052038113568820134	-0.6930887817570724	0.7971650088947128	0.8832510650363143	0.14949536501274896	0.810480421864501	0.14949536501274896	0.31709595765807425	-0.006026195493374917	0.32312215315144915	1.3814340871268513	0.13929078358710756	0.8319361897344494	0.9217142933659819	0.46085714668299094	0	1	0
ALTPCR40	0.8586616190375187	0.4938893821516364	1.223433855923401	3	-0.3354924903110908	-0.3354924903110908	-2.3050608965056836	1.6340759158835019	0.5351272067149231	78.40074101785963	0.59681820088269	0.06316810151573032	-0.04182878096504467	-0.4820602416257982	0.39840267969570886	0.8439742248967158	-0.19968714023276374	-0.5904265305777854	-0.19968714023276374	0.8586616190375187	-0.3354924903110908	1.1941541093486094	3.300764503433081	0.28453377149326475	0.8323025545778384	1.5915187050177761	1.5261669065825552	0	3	1
ALTPCR69	0.47000362924573563	0.26816744016602123	0.67183981832545	2	-0.5402578042826516	-0.5402578042826516	-8.29201168867608	7.211496080110776	0.6775675444620706	76.7885694008159	2.0452250778364185	0.037928579756609876	0.33725674601178623	0.007313398989026665	0.6672000930345459	0.04799210494126902	4.357435829041548	1.3625585055224356	4.357435829041548	0.47000362924573563	-0.5402578042826516	1.0102614335283873	2.7463189010134617	0.07071067811865477	1.1316266125590029	2.308007757266544	1.275514038738617	1	2	0
